Digraphs 1,Digraphs 2,Digraphs 3,Label
nchi,uchumi,utashi,1
kiwango,baadhi,walishiriki,0
fedha,kukidhi,kwenye,1
msingi,marekebisho,walioendesha,0
shahidi,wabunge,orodha,1
kifungu,kupitisha,yenye,0
hicho,kupunguza,maandishi,1
cha,majumuisho,kuthibitisha,0
sheria,michango,mengi,1
mashitaka,wabunge,vilivyoshirikiana,0
kinahusisha,akizungumza,WasubaGirango,1
fedha,waandishi,WasunaGirango,0
udanganyifu,nyumbani,wanaishi,1
kifungu,mizengo,viungani,0
kingine,cha,nyavu,1
ndicho,wabunge,kujenga,0
dhamana,viongozi,kashinje,1
kifungu,kushirikiana,mwanachama,0
hicho,kudhibiti,shajara,1
cha,wabunge,kuzitengeneza,0
sheria,kuishauri,kinyama,1
shilingi,kuangalia,ng,0
kuwasilisha,viongozi,wengi,1
jeshi,msingi,lilimfanya,0
cha,viongozi,wengi,1
aidha,anglikan,waliyoathirika,0
masharti,shekhe,wanaishi,1
ufanyike,mashekhe,chama,0
mwingine,wengine,cha,1
kifungu,iangalie,Mungu,0
cha,wanaojinyima,mchwa,1
sheria,kufanya,bunge,0
cha,athari,afghanistan,1
kilimfanya,mheshimiwa,limefunguliwa,0
mshitakiwa,ushauri,kuunganisha,1
kuonesha,akaridhia,nguvu,0
mungu,kisha,kwenye,1
mshitakiwa,kubatilisha,Aliwakilisha,0
shilingi,kiongozi,Mashariki,0.459459459
thebathini,unaowaongoza,cha,0.457380457
wadhamini,ingeweza,cha,0.455301455
wangesaini,viongozi,cha,0.453222453
dhamana,viongozi,alifanya,0.451143451
shilingi,wanaowaongoza,mashabiki,0.449064449
kuwasilisha,mianya,Bongo,0.446985447
kubadilishwa,fedha,nchini,0.444906445
masharti,kuzingatia,itaanzisha,0.442827443
dhamana,fedha,mlenga,0.440748441
kumfanya,ziliingizwa,nyumba,0.438669439
mshitakiwa,fedha,yenye,0.436590437
tangu,kufanya,cha,0.434511435
ameshindwa,ameshafanya,mdunguaji,0.432432432
kukidhi,mwenyewe,Magreth,0.43035343
masharti,zitakazochukuliwa,suluhisho,0.428274428
mingi,dhidi,halikuchukua,0.426195426
tangu,mwanya,nyasi,0.424116424
afikishwe,alivyoainisha,zinaashiria,0.422037422
mchakato,alipozungumza,wingi,0.41995842
dhamana,waandishi,kadhalika,0.417879418
khadija,viongozi,kuongezeka,0.415800416
msongo,wenyewe,kiwango,0.413721414
dhamana,kuwashughulikia,cha,0.411642412
mshitakiwa,litashughulikiwa,ulimwengu,0.40956341
kusababisha,mwanya,Mshauri,0.407484407
yaliyomfanya,fedha,cha,0.405405405
mshitakiwa,uchumi,sheria,0.403326403
kusababisha,kushirikina,wangu,0.401247401
shilingi,kamishna,tuungane,0.399168399
ishirini,kuangalia,kuijengea,0.397089397
kuidhinisha,mianya,nguvu,0.395010395
majengo,itadhibiti,Nchini,0.392931393
pacha,waandishi,nyingine,0.390852391
cha,baadhi,zilirahisisha,0.388773389
viongozi,wabunge,ufanyaji,0.386694387
kamishna,waliozungumza,kusababisha,0.384615385
mchanganuo,kupongeza,inayoifanya,0.382536383
inalenga,ushauri,licha,0.38045738
viongozi,baadhi,haijashiriki,0.378378378
ushuru,kuwashirikisha,mashindano,0.376299376
vingine,kujifungia,chuo,0.374220374
nya,baadhi,cha,0.372141372
wanaoishi,kuongeza,kiongozi,0.37006237
mazingira,kipengele,chama,0.367983368
nguo,hicho,cha,0.365904366
vingine,cha,nchini,0.363825364
chini,kwenye,bichi,0.361746362
mashirika,kufanyia,myungeko,0.35966736
ongezeko,marekebisho,lafudhi,0.357588358
thamani,kuiunga,Mpango,0.355509356
uchunguzi,kuimarisha,alifanya,0.353430353
mashine,zinazochukuliwa,wanachokiona,0.351351351
uchunguzi,mashariki,baadhi,0.349272349
vingine,zinazochukuliwa,nchini,0.347193347
mashine,kuimarisha,afghanistan,0.345114345
maisha,nchini,mungu,0.343035343
shule,changamoto,lugha,0.340956341
mashirika,kuzalisha,kushuka,0.338877339
mashirika,miongoni,kwenye,0.336798337
kwenye,kuimarisha,yenye,0.334719335
akizungumzia,cha,ghali,0.332640333
sheria,aliushukuru,wangu,0.330561331
vifungu,kushirikiana,walifanya,0.328482328
sheria,kuimarisha,Jeshi,0.326403326
mashirika,imechukua,limenyosha,0.324324324
zitapungua,kuimarisha,halitanyamaa,0.322245322
shughuli,unguja,viongozi,0.32016632
mashirika,nchi,wakongwe,0.318087318
baadhi,wananchi,ianyoitwa,0.316008316
shughuli,uzalishaji,chanzo,0.313929314
kupunguza,chakula,cha,0.311850312
dhidi,ikifanya,wanga,0.30977131
majanga,nchini,upungufu,0.307692308
sheria,rachel,motisha,0.305613306
forodha,shilingi,shughuli,0.303534304
mashariki,thebathini,kimaisha,0.301455301
ishirini,mwandishi,mwandishi,0.299376299
kwenye,mkongwe,mwingine,0.297297297
sheria,kudhalilishwa,vinavyolenga,0.295218295
sheria,akidhaniwa,wengi,0.293139293
thebathini,mashitaka,mazingira,0.291060291
sheria,unawakilishwa,nyuma,0.288981289
forodha,unawakilishwa,kutofautisha,0.286902287
mashariki,rashid,nyingine,0.284823285
ishirini,mwanasheria,viongozi,0.282744283
shughuli,maandishi,kuelimisha,0.280665281
mchanganuo,thebathini,inayoongozwa,0.278586279
kipengele,ishirini,mazingira,0.276507277
cha,kuwajulisha,mipango,0.274428274
cha,kuzingatia,zingine,0.272349272
sheria,kwenye,wenyewe,0.27027027
forodha,shauri,wenyewe,0.268191268
mashariki,mwandishi,nchi,0.266112266
ushuru,shirika,athari,0.264033264
forodha,shilingi,maisha,0.261954262
bidhaa,thebathini,uliokomeshwa,0.25987526
zinazoingizwa,jeshi,Waingereza,0.257796258
nchini,kisheria,Tanganyika,0.255717256
kufundishia,shilingi,Kenya,0.253638254
bidhaa,ishirini,Oghuz,0.251559252
nyaraka,kufungua,kushiriki,0.249480249
vingine,ishirini,wamenyanyaswa,0.247401247
kufundishia,mashitaka,dhuluma,0.245322245
kwenye,yenye,maisha,0.243243243
kuhifadhia,vifungu,Shughuli,0.241164241
kwenye,mchana,nyingi,0.239085239
kufanyia,mwinyi,Magharibi,0.237006237
uchunguzi,chini,kwenye,0.234927235
kuhifadhia,mwandishi,Miongoni,0.232848233
vingine,shingo,sherehe,0.230769231
mashine,mwingine,nyingine,0.228690229
machela,kumuingiza,nchi,0.226611227
akizungumzia,kwenye,Kongo,0.224532225
viwango,cha,Angola,0.222453222
ushuru,kisha,Changia,0.22037422
forodha,kumwachia,kufanyika,0.218295218
kufanyia,alichofanyiwa,uchunguzi,0.216216216
ushuru,cha,uchaguzi,0.214137214
kiwango,kinyama,afanye,0.212058212
cha,kinyume,nyingine,0.20997921
vingine,cha,limechangia,0.207900208
ushuru,nchi,wengi,0.205821206
kiwango,chuo,kutochagua,0.203742204
cha,cha,isiathiri,0.201663202
picha,kufanya,uchaguzi,0.1995842
rangi,tathmini,Anafanya,0.197505198
marekebisho,thamani,chama,0.195426195
kufanywa,dhamana,chake,0.193347193
kwenye,washitakiwa,shida,0.191268191
ishirini,dhamana,kushoto,0.189189189
lengo,washitakiwa,kwenye,0.187110187
marekebisho,masharti,mashua,0.185031185
yanalenga,mengine,kupitishwa,0.182952183
kuhakikisha,dhamana,bunge,0.180873181
mingineyo,washitakiwa,wafanya,0.178794179
mashirika,thamani,kupunguza,0.176715177
utajumuisha,dhamana,ongezeko,0.174636175
vingine,washitakiwa,bangi,0.172557173
vingine,dhamana,kiwango,0.17047817
mashirika,mashitaka,majengo,0.168399168
mwenyekiti,washitakiwa,urithi,0.166320166
uchaguzi,nchini,nyingi,0.164241164
mashirika,washitakiwa,lugha,0.162162162
chini,dhamana,adhimu,0.16008316
nchini,cha,mwingi,0.158004158
ushirikiano,thamani,wachache,0.155925156
mwenyekiti,dhamana,viongozi,0.153846154
uchaguzi,washitakiwa,inamaanisha,0.151767152
khatib,washitakiwa,Imemfanya,0.14968815
mwinyichande,walirejeshwa,cha,0.147609148
uchaguzi,washitakiwa,ulimwengu,0.145530146
ishirini,thebathini,kisheria,0.143451143
nchi,kufanya,Ethiopia,0.141372141
chini,washitakiwa,nyingine,0.139293139
shirika,machi,Nyanya,0.137214137
mpango,kwenye,mwongo,0.135135135
ishirini,ulioendeshwa,shaka,0.133056133
wabunge,machi,nicholas,0.130977131
shirika,thamani,nchini,0.128898129
fedha,fedha,uingereza,0.126819127
uchumi,mfanyabiashara,alikanyaga,0.124740125
wabunge,fedha,mwisho,0.122661123
wabunge,shahidi,alichuchumaa,0.120582121
uchimbaji,wakilinganishwa,dirishani,0.118503119
kuchukua,uchafuzi,usafirishaji,0.116424116
mchanganuo,mazingira,iliongezewa,0.114345114
inayoingizwa,langu,janga,0.112266112
nchini,hadithi,kuanzishwa,0.11018711
mapengo,mwenyekiti,Mashirikisho,0.108108108
wakichangia,nchini,Uingereza,0.106029106
wabunge,vingi,mnaisherehekea,0.103950104
wengi,mwisho,chini,0.101871102
walionesha,ngambo,jeshi,0.0997921
kutoridhishwa,kiongozi,Mpango,0.097713098
walichoeleza,majengo,yatangazwa,0.095634096
nchi,urithi,kuingia,0.093555094
mheshimiwa,kuathiri,kwenye,0.091476091
itafanya,uchafuzi,uchumi,0.089397089
alishauri,kuathiri,kwenye,0.087318087
mbunge,fedha,kiongozi,0.085239085
nyingi,uingereza,kijeshi,0.083160083
nchini,chancellor,baadhi,0.081081081
nchi,ingawa,hifadhi,0.079002079
ishirini,nyingi,mashariki,0.076923077
ishirini,matangazo,kusafirisha,0.074844075
shughuli,kutangaza,matayarisho,0.072765073
kuchaganya,sheria,mashujaa,0.070686071
wanachanganya,maisha,wameshindwa,0.068607069
wamejenga,Fukuchani,walioathirika,0.066528067
kuingia,unachotaka,baadhi,0.064449064
nimesikitishwa,kujilinganisha,tunaangalia,0.062370062
viongozi,Mungu,msingi,0.06029106
alishindwa,ameonyesha,shuguli,0.058212058
kuwachukulia,chom,biashara,0.056133056
viongozi,cho,nyakati,0.054054054
kwenye,anglikana,Ingawa,0.051975052
cha,nchini,yenye,0.04989605
mashirika,uingereza,michezo,0.047817048
kinaingizwa,kwenye,langu,0.045738046
nchini,Ethiopia,sherehe,0.043659044
pengo,umegawanyika,fangasi,0.041580042
mbunge,shirikisho,kudhohofika,0.03950104
mwingine,wingi,kinga,0.037422037
mheshimiwa,nyaraka,uchaguzi,0.035343035
nilishiriki,kwenye,umefanyika,0.033264033
kujenga,shelfu,kiwango,0.031185031
nilifanya,chumbani,cha,0.029106029
orodha,kisha,nyingi,0.027027027
viongozi,lugha,biashara,0.024948025
walifanya,uendeshaji,kuwahonga,0.022869023
inashindwa,Muhongo,Uchumi,0.020790021
viongozi,alishakabidhi,yanayoangaliwa,0.018711019
maisha,tunachukuana,jicho,0.016632017
ikilinganishwa,kwenye,Kisheria,0.014553015
baadhi,Kisha,mungu,0.012474012
viongozi,kwenye,ngumu,0.01039501
msingi,chake,uchumi,0.008316008
kuwachukulia,nchi,nyingi,0.006237006
fedha,amechukua,Songwe,0.004158004
lenye,nimeapishwa,kidharura,0.002079002
kufanya,nyote,ilithibitisha,1.44329E-15
mdhibiti,mumeshuhudia,Lugha,-0.002079002
kwenye,kushughulikia,amepongeza,-0.004158004
alitangaza,uchafuzi,shafil,-0.006237006
kuonya,alimfanya,alichopendekeza,-0.008316008
fedha,kinga,orodha,-0.01039501
waliwasilisha,hazifanyi,waandishi,-0.012474012
kwenye,mengi,upungufu,-0.014553015
bunge,kujenga,mkubwaUpungufu,-0.016632017
bunge,kujenga,unaonyesha,-0.018711019
iwasilishwe,mashariki,kuchukua,-0.020790021
fedha,ushawishi,wafanye,-0.022869023
uchumi,uchumi,Alishtuka,-0.024948025
bunge,mwishoni,wanachi,-0.027027027
mbunge,maisha,wenye,-0.029106029
kuacha,sherehe,ishirini,-0.031185031
uchumi,wanaachwa,wanajenga,-0.033264033
kusababisha,kadhaa,watangazaji,-0.035343035
nchi,Wanyiha,Mungu,-0.037422037
kadhaa,kuhifadhiwa,bingu,-0.03950104
kuacha,Macha,ardhi,-0.041580042
kukidhiri,Machange,unyanyasaji,-0.043659044
mungu,Mshiu,viongozi,-0.045738046
kuzungukwa,Moshi,kwenye,-0.047817048
nchi,Mlngu,ambacho,-0.04989605
uchumi,biashara,wanaokulisha,-0.051975052
ang,kuacha,chakula,-0.054054054
kuongeza,chakula,jeshi,-0.056133056
tumechukua,Tanga,liliingia,-0.058212058
fedha,Washambuliaji,waliopoangamiza,-0.06029106
nyingi,ngao,kuonyesha,-0.062370062
kufanya,majeshi,kinyanganyiro,-0.064449064
nchi,nguvu,cha,-0.066528067
tumeifanya,kiongozi,dhidi,-0.068607069
kichaka,zingine,wafanyabiashara,-0.070686071
cha,nchini,Kenya,-0.072765073
zilizomfanya,kumuunga,wingi,-0.074844075
atenge,Wanamichezo,nchini,-0.076923077
fedha,dhidi,uongozi,-0.079002079
kuacha,mwanajeshi,bungeni,-0.081081081
chalinze,aliyeongoza,kuhifadhi,-0.083160083
tanga,ushirika,wangu,-0.085239085
tanga,Mwishoni,kadhaa,-0.087318087
chalinze,yenye,yamewashawishi,-0.089397089
wabunge,wananchi,Tafadhali,-0.091476091
mungu,itakayowahamasisha,kunipunguzia,-0.093555094
nyingi,kuwaghadhabisha,shilingi,-0.095634096
kuacha,yenyewe,shilingi,-0.097713098
kisingizo,alivyofanya,wengi,-0.0997921
cha,kuingiza,jeshini,-0.101871102
yatakayoingia,mazingira,Turekebishe,-0.103950104
mbunge,chunguza,nchini,-0.106029106
mashariki,vichafuzi,Kenya,-0.108108108
kurejesha,nyingi,mwingi,-0.11018711
kwenye,uchumi,cha,-0.112266112
mbunge,maganga,hadhi,-0.114345114
pangani,korongwe,kushindana,-0.116424116
mwongozo,tanga,walioshikamana,-0.118503119
mungu,nchi,kiongozi,-0.120582121
mwongozo,kwenye,nishere,-0.122661123
kiongozi,Kazakhstan,michezo,-0.124740125
bunge,hajaonyesha,heshima,-0.126819127
wabunge,Bush,wenyeji,-0.128898129
kuonesha,Mashariki,mengi,-0.130977131
alichofanya,kushirikiana,nyinginezo,-0.133056133
kuonesha,athari,tukiachana,-0.135135135
alichofanya,wananch,jengo,-0.137214137
mheshimiwa,Mwenyekiti,ukiingiia,-0.139293139
kuonesha,kuzifanya,vimepangwa,-0.141372141
waheshimiwa,majeshi,Jeshi,-0.143451143
wabunge,uingereza,aliyefanya,-0.145530146
kuonesha,mafundisho,mpango,-0.147609148
wabunge,kuishi,vinasababisha,-0.14968815
wakionesha,misingi,alishindwa,-0.151767152
kumuunga,kutengeneza,kadhaa,-0.153846154
kusikitishwa,chipsi,wachezaji,-0.155925156
mgongo,chaulo,wengi,-0.158004158
kinachohitajika,visheti,kwenye,-0.16008316
akiwasilisha,wachezaji,Yanga,-0.162162162
kiongozi,theo,nyinginezo,-0.164241164
bungeni,bidhaa,baadhi,-0.166320166
rashid,kuangalia,zingine,-0.168399168
inasikitishwa,kenya,zingeenda,-0.17047817
nya,ilichukuliwa,Nilishiba,-0.172557173
fedha,nyumba,kuanzisha,-0.174636175
nyingi,chache,dhana,-0.176715177
kurejesha,nyingi,Tosh,-0.178794179
wananchi,nyasi,nyanda,-0.180873181
fedha,zilizojengwa,Ethiopia,-0.182952183
uchumi,zilishahamia,elizabeth,-0.185031185
bunge,ushindani,uingereza,-0.187110187
kupunguza,dhidi,uchafuzi,-0.189189189
kuwawezesha,panya,madhara,-0.191268191
akiwasilisha,kulingana,kuchukua,-0.193347193
mwenyekiti,cha,lugha,-0.195426195
kuongeza,Mashariki,imeathirika,-0.197505198
kuharakisha,ulisababisha,mchambuzi,-0.1995842
michael,uchafuzi,nchini,-0.201663202
udhibiti,Kuishi,kenya,-0.203742204
nishati,kwingi,mashindano,-0.205821206
mpango,mengi,nchi,-0.207900208
shinikizo,baadhi,angalau,-0.20997921
umelenga,mchanganyiko,hugawanyika,-0.212058212
gharama,Wanaishi,hataishia,-0.214137214
usafirishaji,uliodhaminiwa,kesho,-0.216216216
kuonya,tangu,kukomesha,-0.218295218
kupandisha,yenye,ishirini,-0.22037422
nishati,ishirini,tukiongea,-0.222453222
kudhibiti,cheo,ukazichukulia,-0.224532225
upandishaji,cha,kushangaza,-0.226611227
linaloonesha,chini,zinachukulia,-0.228690229
mwishoni,Ochuka,nyingi,-0.230769231
aliongeza,wabunge,nchini,-0.232848233
thebathini,viongozi,kenya,-0.234927235
kushuka,uchina,nchini,-0.237006237
thamani,uchumi,kenya,-0.239085239
shilingi,mengi,wengi,-0.241164241
ikilinganishwa,ishara,Mpango,-0.243243243
kupangwa,nchini,mchumi,-0.245322245
kuhamasisha,mwandishi,wengine,-0.247401247
ushindani,wanashirikiana,Washia,-0.249480249
ghafi,kupunguza,lugha,-0.251559252
nchini,kupunguza,nchini,-0.253638254
akizungumzia,wanaoingiza,Gandhi,-0.255717256
mpango,kwenye,chenye,-0.257796258
uingereza,nchi,Qing,-0.25987526
yatazingatiwa,nchi,uongozi,-0.261954262
mchakato,inashikitishwa,chama,-0.264033264
lengo,kupunguza,cha,-0.266112266
gharama,ghafla,cha,-0.268191268
msongamano,wenyewe,uchafuzi,-0.27027027
kusababisha,kulishughulikia,yangu,-0.272349272
ucheleweshaji,kuungana,kisheria,-0.274428274
washauri,shahidi,wangu,-0.276507277
watazingatia,chini,mwanasheria,-0.278586279
sheria,Ishirini,kuwaangalia,-0.280665281
nchi,oparesheni,bidhaa,-0.282744283
mpango,licha,kufanya,-0.284823285
ufanyike,changamoto,wabunge,-0.286902287
entrepreneurship,alishambuliwa,kipingamizi,-0.288981289
wanachama,aliangalia,mchakato,-0.291060291
wamepanga,zangu,kumuidhinisha,-0.293139293
kushinikiza,amezungumza,nchini,-0.295218295
shauri,washiriki,Gungulugwa,-0.297297297
akizungumza,Barghash,Waingu,-0.299376299
wanachama,uchu,uchomaji,-0.301455301
itachukua,kuchukuwa,kadhalika,-0.303534304
tumepanga,kuonesha,kushinikiza,-0.305613306
wingi,utashi,kuachiwa,-0.307692308
kesho,walishiriki,wafungwa,-0.30977131
kufikisha,kwenye,madhehebu,-0.311850312
sheria,walioendesha,kishia,-0.313929314
kuongeza,orodha,Imeshuka,-0.316008316
nguvu,yenye,mwingine,-0.318087318
kitakachoendelea,maandishi,kujikinga,-0.32016632
mwanachama,kuthibitisha,jicho,-0.322245322
wanafikishwa,mengi,jicho,-0.324324324
shauku,vilivyoshirikiana,kusababisha,-0.326403326
dhamana,WasubaGirango,kuathiri,-0.328482328
washitakiwa,WasunaGirango,baadhi,-0.330561331
walifikishwa,wanaishi,ngozi,-0.332640333
mwishoni,viungani,Arusha,-0.334719335
pingamizi,nyavu,ngombe,-0.336798337
dhamana,kujenga,kingono,-0.338877339
lililowasilishwa,kashinje,Mandhari,-0.340956341
cha,mwanachama,unaoshughulikia,-0.343035343
kutawafanya,shajara,vipashio,-0.345114345
washitakiwa,kuzitengeneza,lugha,-0.347193347
dhamana,kinyama,wameshushia,-0.349272349
kisheria,ng,jeshi,-0.351351351
dhamana,wengi,nchi,-0.353430353
mashitaka,lilimfanya,limezingirwa,-0.355509356
ulipinga,wengi,cha,-0.357588358
dhamana,waliyoathirika,janga,-0.35966736
washitakiwa,wanaishi,Walihifadhi,-0.361746362
wachungaji,chama,Wafungwa,-0.363825364
kuwafanyia,cha,wananyanyaswa,-0.365904366
dhamana,Mungu,michango,-0.367983368
washitakiwa,mchwa,watamlazimisha,-0.37006237
mashitaka,bunge,Aliunganisha,-0.372141372
msingi,afghanistan,cha,-0.374220374
washitakiwa,limefunguliwa,chai,-0.376299376
timotheo,kuunganisha,cha,-0.378378378
loitnggye,nguvu,bidhaa,-0.38045738
kuendesha,kwenye,chakula,-0.382536383
kinyume,Aliwakilisha,chini,-0.384615385
sheria,Mashariki,Uingereza,-0.386694387
fedha,cha,tumehakikisha,-0.388773389
ishirini,cha,muongo,-0.390852391
machi,cha,ilikuhakikisha,-0.392931393
mengine,alifanya,uchumi,-0.395010395
nchini,mashabiki,congo,-0.397089397
walikusanya,Bongo,madhehebu,-0.399168399
fedha,nchini,tangu,-0.401247401
fedha,itaanzisha,Khrushchev,-0.403326403
mazingira,mlenga,kuchukua,-0.405405405
biashara,nyumba,Hifadhi,-0.407484407
washitakiwa,yenye,inajumuisha,-0.40956341
kinyume,cha,inawezesha,-0.411642412
cha,mdunguaji,kupitisha,-0.413721414
sheria,Magreth,sheria,-0.415800416
kufanyika,suluhisho,wengi,-0.417879418
cha,halikuchukua,kwangu,-0.41995842
ishirini,nyasi,Mathew,-0.422037422
machi,zinaashiria,mchezaji,-0.424116424
nchi,wingi,Yanga,-0.426195426
kufungwa,kadhalika,wengi,-0.428274428
wanachama,kuongezeka,kiungo,-0.43035343
wakionesha,kiwango,cha,-0.432432432
kuacha,cha,chakula,-0.434511435
bungeni,ulimwengu,kufanya,-0.436590437
fedha,Mshauri,sherehe,-0.438669439
uchumi,cha,ukiangalia,-0.440748441
chache,sheria,nchini,-0.442827443
wametishia,wangu,icheza,-0.444906445
madhehebu,tuungane,ishirini,-0.446985447
mengine,kuijengea,Wabuddha,-0.449064449
bunge,nguvu,hicho,-0.451143451
litaridhia,Nchini,cha,-0.453222453
kipengele,nyingine,Wakilisha,-0.455301455
hicho,zilirahisisha,alisulubishwa,-0.457380457
akizungumza,ufanyaji,kumaanisha,-0.459459459
waandishi,kusababisha,lingine,-0.461538462
tunaungana,inayoifanya,alichukuliwa,-0.463617464
kupinga,licha,ngambo,-0.465696466
cha,haijashiriki,Mkongwe,-0.467775468
shule,mashindano,waandishi,-0.46985447
majengo,chuo,Maganga,-0.471933472
cha,cha,mamangu,-0.474012474
wachache,kiongozi,Kulingana,-0.476091476
kuadhibu,chama,wengine,-0.478170478
cha,cha,ikilinganishwa,-0.48024948
chini,nchini,thelathini,-0.482328482
malengo,bichi,nyi,-0.484407484
biashara,myungeko,mnapingana,-0.486486486
kutengeneza,lafudhi,hadithi,-0.488565489
kuwaadhibu,Mpango,uchunguzi,-0.490644491
tunashangaa,alifanya,Kenyamara,-0.492723493
mwenye,wanachokiona,nyingi,-0.494802495
dhamana,baadhi,Mheshimiwa,-0.496881497
fedha,nchini,alifanya,-0.498960499
ameonesha,afghanistan,Kisebengo,-0.501039501
udhaifu,mungu,kwenye,-0.503118503
kuficha,lugha,Uchunguzi,-0.505197505
kufanya,kushuka,nchi,-0.507276507
kuchukua,kwenye,pengine,-0.509355509
wachukuliwe,yenye,imesababisha,-0.511434511
wananchi,ghali,ishindwe,-0.513513514
cha,wangu,kuwasomesha,-0.515592516
chini,walifanya,wengi,-0.517671518
waishio,Jeshi,anasababisha,-0.51975052
kwenye,limenyosha,upungufu,-0.521829522
wengi,halitanyamaa,nchini,-0.523908524
zinafanya,viongozi,kumsababishia,-0.525987526
mchango,wakongwe,ngedere,-0.528066528
athari,ianyoitwa,hufanyika,-0.53014553
bunge,chanzo,wengine,-0.532224532
kufanya,cha,southampton,-0.534303534
wananchi,wanga,uingereza,-0.536382536
chama,upungufu,anayeishi,-0.538461538
cha,motisha,maisha,-0.540540541
baadhi,shughuli,heshima,-0.542619543
viongozi,kimaisha,nchi,-0.544698545
kutanguliza,mwandishi,yangu,-0.546777547
nchi,mwingine,kuishi,-0.548856549
richmond,vinavyolenga,kwenye,-0.550935551
inayoongozwa,wengi,nilizungumza,-0.553014553
kuiyumbisha,mazingira,uchina,-0.555093555
nchi,nyuma,Nikonga,-0.557172557
wanayoingia,kutofautisha,anatengeneza,-0.559251559
akichangia,nyingine,kashata,-0.561330561
bungeni,viongozi,madhimisho,-0.563409563
mbunge,kuelimisha,Richard,-0.565488565
shibuda,inayoongozwa,kifungo,-0.567567568
kushangazwa,mazingira,udongo,-0.56964657
kukithiri,mipango,mfinyanzi,-0.571725572
wananchi,zingine,kutosha,-0.573804574
shaka,wenyewe,usiosimamisha,-0.575883576
udhaifu,wenyewe,tuamisha,-0.577962578
wameshindwa,nchi,nyama,-0.58004158
ndicho,athari,shuleni,-0.582120582
chombo,maisha,kiuchumi,-0.584199584
cha,uliokomeshwa,nchi,-0.586278586
uongozi,Waingereza,nchi,-0.588357588
tutashika,Tanganyika,nyingine,-0.59043659
nchi,Kenya,yenye,-0.592515593
shibuda,Oghuz,nchini,-0.594594595
kuongeza,kushiriki,ubongo,-0.596673597
wanapitisha,wamenyanyaswa,umethibitisha,-0.598752599
cha,dhuluma,ambacho,-0.600831601
mbunge,maisha,wadhamini,-0.602910603
nchi,Shughuli,wenye,-0.604989605
kuingia,nyingi,kusikoishaKatika,-0.607068607
kuwazidishia,Magharibi,ameiwakilisha,-0.609147609
maisha,kwenye,nchi,-0.611226611
mazingira,Miongoni,hicho,-0.613305613
walicho,sherehe,Pingamizi,-0.615384615
nacho,nyingine,dhidi,-0.617463617
vitambulisho,nchi,kutukumbusha,-0.61954262
lingesaidia,Kongo,viungo,-0.621621622
kukusanya,Angola,washikeshike,-0.623700624
kutengeneza,Changia,waangalie,-0.625779626
vitambulisho,kufanyika,ishirini,-0.627858628
kinachoendelea,uchunguzi,muungano,-0.62993763
uongozi,uchaguzi,kumchukulia,-0.632016632
shibuda,afanye,shangazi,-0.634095634
mbunge,nyingine,uchumi,-0.636174636
kishapu,limechangia,inashikilia,-0.638253638
nchi,wengi,kuimarisha,-0.64033264
mheshimiwa,kutochagua,mwisho,-0.642411642
mwenyekiti,isiathiri,zilikamilishwa,-0.644490644
wamechukuliwa,uchaguzi,kuongeza,-0.646569647
richmond,Anafanya,Hanang,-0.648648649
wamechukuliwa,chama,ikianzisha,-0.650727651
kuongeza,chake,cheo,-0.652806653
kushindwa,shida,cha,-0.654885655
kuwachukulia,kushoto,chifu,-0.656964657
penye,kwenye,wanaozungumza,-0.659043659
penye,mashua,lugha,-0.661122661
wananchi,kupitishwa,sloths,-0.663201663
wananchi,bunge,baadhi,-0.665280665
miungu,wafanya,Kiingereza,-0.667359667
ilichaguliwa,kupunguza,skating,-0.669438669
wananchi,ongezeko,skating,-0.671517672
mbunge,bangi,nakadhalika,-0.673596674
baadhi,kiwango,kiingereza,-0.675675676
cha,majengo,kufungua,-0.677754678
jangwani,urithi,tanganyika,-0.67983368
mbunge,nyingi,nyakati,-0.681912682
wananchi,lugha,lilishambuliwa,-0.683991684
kujiunga,adhimu,kuongeza,-0.686070686
wananchi,mwingi,wengi,-0.688149688
shilingi,wachache,mengine,-0.69022869
walengwa,viongozi,mpango,-0.692307692
hawakidhi,inamaanisha,kurutubisha,-0.694386694
kujiunga,Imemfanya,mpango,-0.696465696
mbunge,cha,kurekebisha,-0.698544699
wachina,ulimwengu,uchumi,-0.700623701
kufanya,kisheria,masharti,-0.702702703
biashara,Ethiopia,unyongovu,-0.704781705
zingefanywa,nyingine,ikilinganishwa,-0.706860707
cha,Nyanya,wengi,-0.708939709
wakenya,mwongo,Kenyatta,-0.711018711
nchini,shaka,KenyaKenyatta,-0.713097713
kufanya,nicholas,Alisomeshwa,-0.715176715
wanapoingia,nchini,Uingereza,-0.717255717
kuunga,uingereza,cha,-0.719334719
kufanya,alikanyaga,jeshi,-0.721413721
mbunge,mwisho,kujumlisha,-0.723492723
mkanyageni,alichuchumaa,hunificha,-0.725571726
mnyaa,dirishani,mafichoni,-0.727650728
shirika,usafirishaji,chama,-0.72972973
cha,iliongezewa,cha,-0.731808732
tangu,janga,nywele,-0.733887734
ishirini,kuanzishwa,nyuzi,-0.735966736
mashine,Mashirikisho,wanyama,-0.738045738
kuchambua,Uingereza,ilifanywa,-0.74012474
hicho,mnaisherehekea,onyesho,-0.742203742
ishara,chini,kuburudisha,-0.744282744
jasho,jeshi,Wachagga,-0.746361746
mwandishi,Mpango,kufanya,-0.748440748
fedha,yatangazwa,biashara,-0.750519751
ishirini,kuingia,kwenye,-0.752598753
ulichukua,kwenye,wenzangu,-0.754677755
wabunge,uchumi,manyanga,-0.756756757
chama,kwenye,nchi,-0.758835759
cha,kiongozi,nyingi,-0.760914761
wabunge,kijeshi,itenganishwe,-0.762993763
wamegawanyika,baadhi,Washington,-0.765072765
imefanya,hifadhi,ongezeko,-0.767151767
kupongezwa,mashariki,shule,-0.769230769
wanaopinga,kusafirisha,ngani,-0.771309771
akichangia,matayarisho,vingi,-0.773388773
mbunge,mashujaa,wenyeji,-0.775467775
magharibi,wameshindwa,lugha,-0.777546778
bunge,walioathirika,wanaishi,-0.77962578
kuishauri,baadhi,maisha,-0.781704782
nchi,tunaangalia,Ingawa,-0.783783784
bunge,msingi,Kenya,-0.785862786
bunge,shuguli,Kisha,-0.787941788
ninyi,biashara,ulimwengu,-0.79002079
wabunge,nyakati,maisha,-0.792099792
acheni,Ingawa,dhuluma,-0.794178794
bunge,yenye,Wuasinkishu,-0.796257796
akionesha,michezo,Jenga,-0.798336798
mengi,langu,linaonyesha,-0.8004158
kuwasababishia,sherehe,maungo,-0.802494802
maisha,fangasi,Akafanya,-0.804573805
nchi,kudhohofika,kuifunga,-0.806652807
nchi,kinga,kuiwasha,-0.808731809
nchi,uchaguzi,afghanistan,-0.810810811
tunazungumzia,umefanyika,mingine,-0.812889813
kwenye,kiwango,kuelimisha,-0.814968815
cha,cha,mafundisho,-0.817047817
kinaingizwa,nyingi,yenye,-0.819126819
nchini,biashara,jangwa,-0.821205821
mashine,kuwahonga,yenye,-0.823284823
wachache,Uchumi,mingi,-0.825363825
mbunge,yanayoangaliwa,thelathini,-0.827442827
mchango,jicho,kwenye,-0.82952183
mbunge,Kisheria,viongozi,-0.831600832
singida,mungu,cha,-0.833679834
nyalandu,ngumu,chagua,-0.835758836
wabunge,uchumi,cha,-0.837837838
nchini,nyingi,Runinga,-0.83991684
imefanya,Songwe,Masharika,-0.841995842
mengi,kidharura,maisha,-0.844074844
nyalandu,ilithibitisha,sheria,-0.846153846
mchango,Lugha,mwisho,-0.848232848
bungeni,amepongeza,Machi,-0.85031185
mbunge,shafil,chipukizi,-0.852390852
mwingine,alichopendekeza,pukutisha,-0.854469854
aliyemuunga,orodha,ikiunga,-0.856548857
fedha,waandishi,wachambuzi,-0.858627859
uchumi,upungufu,kupashana,-0.860706861
ilionesha,mkubwaUpungufu,sheria,-0.862785863
wabunge,unaonyesha,nyingi,-0.864864865
nyalandu,kuchukua,zimetengenezwa,-0.866943867
kwenye,wafanye,ishirini,-0.869022869
ghafi,Alishtuka,mlangoni,-0.871101871
mbunge,wanachi,Mbegha,-0.873180873
kishapu,wenye,inapunguza,-0.875259875
mchezo,ishirini,mwangaza,-0.877338877
mchafu,wanajenga,angani,-0.879417879
kuonya,watangazaji,kuchangia,-0.881496881
rushwa,Mungu,limefanya,-0.883575884
ghafi,bingu,nchi,-0.885654886
nchini,ardhi,itapunguzwaTohara,-0.887733888
lengo,unyanyasaji,kufanywa,-0.88981289
mbunge,viongozi,mwingine,-0.891891892
fedha,kwenye,mshaandika,-0.893970894
kuzalisha,ambacho,kuimarisha,-0.896049896
shirika,wanaokulisha,uchumi,-0.898128898
wanachama,chakula,nchini,-0.9002079
viongozi,jeshi,linafanya,-0.902286902
kunyimwa,liliingia,chou,-0.904365904
dhamana,waliopoangamiza,nchini,-0.906444906
waandishi,kuonyesha,afghanistan,-0.908523909
wanachama,kinyanganyiro,richard,-0.910602911
entrepreneurship,cha,amezungumzia,-0.912681913
kushinikiza,dhidi,zinazofanywa,-0.914760915
viongozi,wafanyabiashara,mingine,-0.916839917
ukiimarishwa,Kenya,Mungu,-0.918918919
kuahirishwa,wingi,alitangaza,-0.920997921
viongozi,nchini,mwisho,-0.923076923
wanachama,uongozi,wafanyabiashara,-0.925155925
mabango,bungeni,shughuli,-0.927234927
makachero,kuhifadhi,ngoma,-0.929313929
mabango,wangu,kumtofautisha,-0.931392931
kuwaingiza,kadhaa,msingi,-0.933471933
kwenye,yamewashawishi,kuchukuliwa,-0.935550936
karandinga,Tafadhali,dhidi,-0.937629938
mabango,kunipunguzia,wengi,-0.93970894
mengine,shilingi,Kichwa,-0.941787942
mwenyekiti,shilingi,nyuma,-0.943866944
wanachama,wengi,alijificha,-0.945945946
kalenga,jeshini,chini,-0.948024948
mathias,Turekebishe,kwenye,-0.95010395
michael,nchini,fungu,-0.952182952
uliimarishwa,Kenya,kwenye,-0.954261954
cha,mwingi,mashua,-0.956340956
mikusanyiko,cha,kuangalia,-0.958419958
wanachama,hadhi,kumfanya,-0.96049896
cha,kushindana,nguvu,-0.962577963
kufanya,walioshikamana,kumuangalia,-0.964656965
akizungumza,kiongozi,walitofautisha,-0.966735967
jeshi,nishere,wanachama,-0.968814969
wanachama,michezo,hujitengenezea,-0.970893971
mikusanyiko,heshima,ingawa,-0.972972973
wanachama,wenyeji,Akafungwa,-0.975051975
kufanya,mengi,Umashuhuri,-0.977130977
kuishinikiza,nyinginezo,cha,-0.979209979
kuwaachia,tukiachana,kusababisha,-0.981288981
viongozi,jengo,kinyesi,-0.983367983
baadhi,ukiingiia,cha,-0.985446985
mabango,vimepangwa,wanyama,-0.987525988
mikusanyiko,Jeshi,alikunywa,-0.98960499
wanachama,aliyefanya,wanaoishi,-0.991683992
mabango,mpango,ngazi,-0.993762994
watashughulikiwa,vinasababisha,kwenye,-0.995841996
sheria,alishindwa,uingereza,-0.997920998
dhamana,kadhaa,langu,-1
washitakiwa,wachezaji,nyuma,-1.002079002
mashitaka,wengi,mlango,-1.004158004
nchini,kwenye,iliyolengwa,-1.006237006
feleshi,Yanga,nchi,-1.008316008
kuwasilisha,nyinginezo,mwenyezi,-1.01039501
kupinga,baadhi,mungu,-1.012474012
dhamana,zingine,Uhamisho,-1.014553015
washitakiwa,zingeenda,athari,-1.016632017
iliwasilishwa,Nilishiba,kuhakikisha,-1.018711019
mwanasheria,kuanzisha,kiwango,-1.020790021
chini,dhana,cha,-1.022869023
kifungu,Tosh,kinaongezeka,-1.024948025
cha,nyanda,majanga,-1.027027027
cha,Ethiopia,janga,-1.029106029
ambacho,elizabeth,vinasababisha,-1.031185031
washitakiwa,uingereza,upungufu,-1.033264033
walipingana,uchafuzi,kinga,-1.035343035
msingi,madhara,kuliacha,-1.037422037
kupinga,kuchukua,wachezaji,-1.03950104
dhamana,lugha,kadhaa,-1.041580042
washitakiwa,imeathirika,Akha,-1.043659044
ushahidi,mchambuzi,khan,-1.045738046
kifungu,nchini,kilichoundwa,-1.047817048
hicho,kenya,mashambulizi,-1.04989605
kuwasilisha,mashindano,mganga,-1.051975052
mfawidhi,nchi,mchawi,-1.054054054
kulingana,angalau,kutangazwa,-1.056133056
kifungu,hugawanyika,hadhira,-1.058212058
cha,hataishia,mwisho,-1.06029106
sheria,kesho,mengi,-1.062370062
imefungwa,kukomesha,maisha,-1.064449064
washitakiwa,ishirini,shirika,-1.066528067
washitakiwa,tukiongea,shirika,-1.068607069
thebathini,ukazichukulia,makhsusi,-1.070686071
baadhi,kushangaza,chini,-1.072765073
wanachama,zinachukulia,yangu,-1.074844075
kuingia,nyingi,mwandishi,-1.076923077
chumba,nchini,mwenyewe,-1.079002079
cha,kenya,kulingana,-1.081081081
walifanya,nchini,cha,-1.083160083
viongozi,kenya,wazungu,-1.085239085
dhamana,wengi,wenyewe,-1.087318087
washitakiwa,Mpango,nchini,-1.089397089
timotheo,mchumi,tangu,-1.091476091
loitnggye,wengine,khimrichi,-1.093555094
kuendesha,Washia,aliyeongoza,-1.095634096
kinyume,lugha,Tangu,-1.097713098
sheria,nchini,kiongozi,-1.0997921
fedha,Gandhi,mengi,-1.101871102
michael,chenye,alianguka,-1.103950104
kubatilisha,Qing,shilingi,-1.106029106
ongezeko,uongozi,langu,-1.108108108
thamani,chama,Rushwa,-1.11018711
mashirika,cha,nyumbani,-1.112266112
mianya,cha,ilijiunga,-1.114345114
kurekebisha,uchafuzi,mashariki,-1.116424116
vipengele,yangu,Wabunge,-1.118503119
kadhaa,kisheria,kufanya,-1.120582121
kwenye,wangu,hadhara,-1.122661123
shilingi,mwanasheria,wengine,-1.124740125
bungeni,kuwaangalia,mazungumzo,-1.126819127
fedha,bidhaa,nchi,-1.128898129
uchumi,kufanya,utashi,-1.130977131
baadhi,wabunge,walishiriki,-1.133056133
kukidhi,kipingamizi,kwenye,-1.135135135
marekebisho,mchakato,walioendesha,-1.137214137
wabunge,kumuidhinisha,orodha,-1.139293139
kupitisha,nchini,yenye,-1.141372141
kupunguza,Gungulugwa,maandishi,-1.143451143
majumuisho,Waingu,kuthibitisha,-1.145530146
michango,uchomaji,mengi,-1.147609148
wabunge,kadhalika,vilivyoshirikiana,-1.14968815
akizungumza,kushinikiza,WasubaGirango,-1.151767152
waandishi,kuachiwa,WasunaGirango,-1.153846154
nyumbani,wafungwa,wanaishi,-1.155925156
mizengo,madhehebu,viungani,-1.158004158
cha,kishia,nyavu,-1.16008316
wabunge,Imeshuka,kujenga,-1.162162162
viongozi,mwingine,kashinje,-1.164241164
kushirikiana,kujikinga,mwanachama,-1.166320166
kudhibiti,jicho,shajara,-1.168399168
wabunge,jicho,kuzitengeneza,-1.17047817
kuishauri,kusababisha,kinyama,-1.172557173
kuangalia,kuathiri,ng,-1.174636175
viongozi,baadhi,wengi,-1.176715177
msingi,ngozi,lilimfanya,-1.178794179
viongozi,Arusha,wengi,-1.180873181
anglikan,ngombe,waliyoathirika,-1.182952183
shekhe,kingono,wanaishi,-1.185031185
mashekhe,Mandhari,chama,-1.187110187
wengine,unaoshughulikia,cha,-1.189189189
iangalie,vipashio,Mungu,-1.191268191
wanaojinyima,lugha,mchwa,-1.193347193
kufanya,wameshushia,bunge,-1.195426195
athari,jeshi,afghanistan,-1.197505198
mheshimiwa,nchi,limefunguliwa,-1.1995842
ushauri,limezingirwa,kuunganisha,-1.201663202
akaridhia,cha,nguvu,-1.203742204
kisha,janga,kwenye,-1.205821206
kubatilisha,Walihifadhi,Aliwakilisha,-1.207900208
kiongozi,Wafungwa,Mashariki,-1.20997921
unaowaongoza,wananyanyaswa,cha,-1.212058212
ingeweza,michango,cha,-1.214137214
viongozi,watamlazimisha,cha,-1.216216216
viongozi,Aliunganisha,alifanya,-1.218295218
wanaowaongoza,cha,mashabiki,-1.22037422
mianya,chai,Bongo,-1.222453222
fedha,cha,nchini,-1.224532225
kuzingatia,bidhaa,itaanzisha,-1.226611227
fedha,chakula,mlenga,-1.228690229
ziliingizwa,chini,nyumba,-1.230769231
fedha,Uingereza,yenye,-1.232848233
kufanya,tumehakikisha,cha,-1.234927235
ameshafanya,muongo,mdunguaji,-1.237006237
mwenyewe,ilikuhakikisha,Magreth,-1.239085239
zitakazochukuliwa,uchumi,suluhisho,-1.241164241
dhidi,congo,halikuchukua,-1.243243243
mwanya,madhehebu,nyasi,-1.245322245
alivyoainisha,tangu,zinaashiria,-1.247401247
alipozungumza,Khrushchev,wingi,-1.249480249
waandishi,kuchukua,kadhalika,-1.251559252
viongozi,Hifadhi,kuongezeka,-1.253638254
wenyewe,inajumuisha,kiwango,-1.255717256
kuwashughulikia,inawezesha,cha,-1.257796258
litashughulikiwa,kupitisha,ulimwengu,-1.25987526
mwanya,sheria,Mshauri,-1.261954262
fedha,wengi,cha,-1.264033264
uchumi,kwangu,sheria,-1.266112266
kushirikina,Mathew,wangu,-1.268191268
kamishna,mchezaji,tuungane,-1.27027027
kuangalia,Yanga,kuijengea,-1.272349272
mianya,wengi,nguvu,-1.274428274
itadhibiti,kiungo,Nchini,-1.276507277
waandishi,cha,nyingine,-1.278586279
baadhi,chakula,zilirahisisha,-1.280665281
wabunge,kufanya,ufanyaji,-1.282744283
waliozungumza,sherehe,kusababisha,-1.284823285
kupongeza,ukiangalia,inayoifanya,-1.286902287
ushauri,nchini,licha,-1.288981289
baadhi,icheza,haijashiriki,-1.291060291
kuwashirikisha,ishirini,mashindano,-1.293139293
kujifungia,Wabuddha,chuo,-1.295218295
baadhi,hicho,cha,-1.297297297
kuongeza,cha,kiongozi,-1.299376299
kipengele,Wakilisha,chama,-1.301455301
hicho,alisulubishwa,cha,-1.303534304
cha,kumaanisha,nchini,-1.305613306
kwenye,lingine,bichi,-1.307692308
kufanyia,alichukuliwa,myungeko,-1.30977131
marekebisho,ngambo,lafudhi,-1.311850312
kuiunga,Mkongwe,Mpango,-1.313929314
kuimarisha,waandishi,alifanya,-1.316008316
zinazochukuliwa,Maganga,wanachokiona,-1.318087318
mashariki,mamangu,baadhi,-1.32016632
zinazochukuliwa,Kulingana,nchini,-1.322245322
kuimarisha,wengine,afghanistan,-1.324324324
nchini,ikilinganishwa,mungu,-1.326403326
changamoto,thelathini,lugha,-1.328482328
kuzalisha,nyi,kushuka,-1.330561331
miongoni,mnapingana,kwenye,-1.332640333
kuimarisha,hadithi,yenye,-1.334719335
cha,uchunguzi,ghali,-1.336798337
aliushukuru,Kenyamara,wangu,-1.338877339
kushirikiana,nyingi,walifanya,-1.340956341
kuimarisha,Mheshimiwa,Jeshi,-1.343035343
imechukua,alifanya,limenyosha,-1.345114345
kuimarisha,Kisebengo,halitanyamaa,-1.347193347
unguja,kwenye,viongozi,-1.349272349
nchi,Uchunguzi,wakongwe,-1.351351351
wananchi,nchi,ianyoitwa,-1.353430353
uzalishaji,pengine,chanzo,-1.355509356
chakula,imesababisha,cha,-1.357588358
ikifanya,ishindwe,wanga,-1.35966736
nchini,kuwasomesha,upungufu,-1.361746362
rachel,wengi,motisha,-1.363825364
shilingi,anasababisha,shughuli,-1.365904366
thebathini,upungufu,kimaisha,-1.367983368
mwandishi,nchini,mwandishi,-1.37006237
mkongwe,kumsababishia,mwingine,-1.372141372
kudhalilishwa,ngedere,vinavyolenga,-1.374220374
akidhaniwa,hufanyika,wengi,-1.376299376
mashitaka,wengine,mazingira,-1.378378378
unawakilishwa,southampton,nyuma,-1.38045738
unawakilishwa,uingereza,kutofautisha,-1.382536383
rashid,anayeishi,nyingine,-1.384615385
mwanasheria,maisha,viongozi,-1.386694387
maandishi,heshima,kuelimisha,-1.388773389
thebathini,nchi,inayoongozwa,-1.390852391
ishirini,yangu,mazingira,-1.392931393
kuwajulisha,kuishi,mipango,-1.395010395
kuzingatia,kwenye,zingine,-1.397089397
kwenye,nilizungumza,wenyewe,-1.399168399
shauri,uchina,wenyewe,-1.401247401
mwandishi,Nikonga,nchi,-1.403326403
shirika,anatengeneza,athari,-1.405405405
shilingi,kashata,maisha,-1.407484407
thebathini,madhimisho,uliokomeshwa,-1.40956341
jeshi,Richard,Waingereza,-1.411642412
kisheria,kifungo,Tanganyika,-1.413721414
shilingi,udongo,Kenya,-1.415800416
ishirini,mfinyanzi,Oghuz,-1.417879418
kufungua,kutosha,kushiriki,-1.41995842
ishirini,usiosimamisha,wamenyanyaswa,-1.422037422
mashitaka,tuamisha,dhuluma,-1.424116424
yenye,nyama,maisha,-1.426195426
vifungu,shuleni,Shughuli,-1.428274428
mchana,kiuchumi,nyingi,-1.43035343
mwinyi,nchi,Magharibi,-1.432432432
chini,nchi,kwenye,-1.434511435
mwandishi,nyingine,Miongoni,-1.436590437
shingo,yenye,sherehe,-1.438669439
mwingine,nchini,nyingine,-1.440748441
kumuingiza,ubongo,nchi,-1.442827443
kwenye,umethibitisha,Kongo,-1.444906445
cha,ambacho,Angola,-1.446985447
kisha,wadhamini,Changia,-1.449064449
kumwachia,wenye,kufanyika,-1.451143451
alichofanyiwa,kusikoishaKatika,uchunguzi,-1.453222453
cha,ameiwakilisha,uchaguzi,-1.455301455
kinyama,nchi,afanye,-1.457380457
kinyume,hicho,nyingine,-1.459459459
cha,Pingamizi,limechangia,-1.461538462
nchi,dhidi,wengi,-1.463617464
chuo,kutukumbusha,kutochagua,-1.465696466
cha,viungo,isiathiri,-1.467775468
kufanya,washikeshike,uchaguzi,-1.46985447
tathmini,waangalie,Anafanya,-1.471933472
thamani,ishirini,chama,-1.474012474
dhamana,muungano,chake,-1.476091476
washitakiwa,kumchukulia,shida,-1.478170478
dhamana,shangazi,kushoto,-1.48024948
washitakiwa,uchumi,kwenye,-1.482328482
masharti,inashikilia,mashua,-1.484407484
mengine,kuimarisha,kupitishwa,-1.486486486
dhamana,mwisho,bunge,-1.488565489
washitakiwa,zilikamilishwa,wafanya,-1.490644491
thamani,kuongeza,kupunguza,-1.492723493
dhamana,Hanang,ongezeko,-1.494802495
washitakiwa,ikianzisha,bangi,-1.496881497
dhamana,cheo,kiwango,-1.498960499
mashitaka,cha,majengo,-1.501039501
washitakiwa,chifu,urithi,-1.503118503
nchini,wanaozungumza,nyingi,-1.505197505
washitakiwa,lugha,lugha,-1.507276507
dhamana,sloths,adhimu,-1.509355509
cha,baadhi,mwingi,-1.511434511
thamani,Kiingereza,wachache,-1.513513514
dhamana,skating,viongozi,-1.515592516
washitakiwa,skating,inamaanisha,-1.517671518
washitakiwa,nakadhalika,Imemfanya,-1.51975052
walirejeshwa,kiingereza,cha,-1.521829522
washitakiwa,kufungua,ulimwengu,-1.523908524
thebathini,tanganyika,kisheria,-1.525987526
kufanya,nyakati,Ethiopia,-1.528066528
washitakiwa,lilishambuliwa,nyingine,-1.53014553
machi,kuongeza,Nyanya,-1.532224532
kwenye,wengi,mwongo,-1.534303534
ulioendeshwa,mengine,shaka,-1.536382536
,mpango,nicholas,-1.538461538
thamani,kurutubisha,nchini,-1.540540541
fedha,mpango,uingereza,-1.542619543
mfanyabiashara,kurekebisha,alikanyaga,-1.544698545
fedha,uchumi,mwisho,-1.546777547
shahidi,masharti,alichuchumaa,-1.548856549
wakilinganishwa,unyongovu,dirishani,-1.550935551
uchafuzi,ikilinganishwa,usafirishaji,-1.553014553
mazingira,wengi,iliongezewa,-1.555093555
langu,Kenyatta,janga,-1.557172557
hadithi,KenyaKenyatta,kuanzishwa,-1.559251559
mwenyekiti,Alisomeshwa,Mashirikisho,-1.561330561
nchini,Uingereza,Uingereza,-1.563409563
vingi,cha,mnaisherehekea,-1.565488565
mwisho,jeshi,chini,-1.567567568
ngambo,kujumlisha,jeshi,-1.56964657
kiongozi,hunificha,Mpango,-1.571725572
majengo,mafichoni,yatangazwa,-1.573804574
urithi,chama,kuingia,-1.575883576
kuathiri,cha,kwenye,-1.577962578
uchafuzi,nywele,uchumi,-1.58004158
kuathiri,nyuzi,kwenye,-1.582120582
fedha,wanyama,kiongozi,-1.584199584
uingereza,ilifanywa,kijeshi,-1.586278586
chancellor,onyesho,baadhi,-1.588357588
ingawa,kuburudisha,hifadhi,-1.59043659
nyingi,Wachagga,mashariki,-1.592515593
matangazo,kufanya,kusafirisha,-1.594594595
kutangaza,biashara,matayarisho,-1.596673597
sheria,kwenye,mashujaa,-1.598752599
maisha,wenzangu,wameshindwa,-1.600831601
Fukuchani,manyanga,walioathirika,-1.602910603
unachotaka,nchi,baadhi,-1.604989605
kujilinganisha,nyingi,tunaangalia,-1.607068607
Mungu,itenganishwe,msingi,-1.609147609
ameonyesha,Washington,shuguli,-1.611226611
chom,ongezeko,biashara,-1.613305613
cho,shule,nyakati,-1.615384615
anglikana,ngani,Ingawa,-1.617463617
nchini,vingi,yenye,-1.61954262
uingereza,wenyeji,michezo,-1.621621622
kwenye,lugha,langu,-1.623700624
Ethiopia,wanaishi,sherehe,-1.625779626
umegawanyika,maisha,fangasi,-1.627858628
shirikisho,Ingawa,kudhohofika,-1.62993763
wingi,Kenya,kinga,-1.632016632
nyaraka,Kisha,uchaguzi,-1.634095634
kwenye,ulimwengu,umefanyika,-1.636174636
shelfu,maisha,kiwango,-1.638253638
chumbani,dhuluma,cha,-1.64033264
kisha,Wuasinkishu,nyingi,-1.642411642
lugha,Jenga,biashara,-1.644490644
uendeshaji,linaonyesha,kuwahonga,-1.646569647
Muhongo,maungo,Uchumi,-1.648648649
alishakabidhi,Akafanya,yanayoangaliwa,-1.650727651
tunachukuana,kuifunga,jicho,-1.652806653
kwenye,kuiwasha,Kisheria,-1.654885655
Kisha,afghanistan,mungu,-1.656964657
kwenye,mingine,ngumu,-1.659043659
chake,kuelimisha,uchumi,-1.661122661
nchi,mafundisho,nyingi,-1.663201663
amechukua,yenye,Songwe,-1.665280665
nimeapishwa,jangwa,kidharura,-1.667359667
nyote,yenye,ilithibitisha,-1.669438669
mumeshuhudia,mingi,Lugha,-1.671517672
kushughulikia,thelathini,amepongeza,-1.673596674
uchafuzi,kwenye,shafil,-1.675675676
alimfanya,viongozi,alichopendekeza,-1.677754678
kinga,cha,orodha,-1.67983368
hazifanyi,chagua,waandishi,-1.681912682
mengi,cha,upungufu,-1.683991684
kujenga,Runinga,mkubwaUpungufu,-1.686070686
kujenga,Masharika,unaonyesha,-1.688149688
mashariki,maisha,kuchukua,-1.69022869
ushawishi,sheria,wafanye,-1.692307692
uchumi,mwisho,Alishtuka,-1.694386694
mwishoni,Machi,wanachi,-1.696465696
maisha,chipukizi,wenye,-1.698544699
sherehe,pukutisha,ishirini,-1.700623701
wanaachwa,ikiunga,wanajenga,-1.702702703
kadhaa,wachambuzi,watangazaji,-1.704781705
Wanyiha,kupashana,Mungu,-1.706860707
kuhifadhiwa,sheria,bingu,-1.708939709
Macha,nyingi,ardhi,-1.711018711
Machange,zimetengenezwa,unyanyasaji,-1.713097713
Mshiu,ishirini,viongozi,-1.715176715
Moshi,mlangoni,kwenye,-1.717255717
Mlngu,Mbegha,ambacho,-1.719334719
biashara,inapunguza,wanaokulisha,-1.721413721
kuacha,mwangaza,chakula,-1.723492723
chakula,angani,jeshi,-1.725571726
Tanga,kuchangia,liliingia,-1.727650728
Washambuliaji,limefanya,waliopoangamiza,-1.72972973
ngao,nchi,kuonyesha,-1.731808732
majeshi,itapunguzwaTohara,kinyanganyiro,-1.733887734
nguvu,kufanywa,cha,-1.735966736
kiongozi,mwingine,dhidi,-1.738045738
zingine,mshaandika,wafanyabiashara,-1.74012474
nchini,kuimarisha,Kenya,-1.742203742
kumuunga,uchumi,wingi,-1.744282744
Wanamichezo,nchini,nchini,-1.746361746
dhidi,linafanya,uongozi,-1.748440748
mwanajeshi,chou,bungeni,-1.750519751
aliyeongoza,nchini,kuhifadhi,-1.752598753
ushirika,afghanistan,wangu,-1.754677755
Mwishoni,richard,kadhaa,-1.756756757
yenye,amezungumzia,yamewashawishi,-1.758835759
wananchi,zinazofanywa,Tafadhali,-1.760914761
itakayowahamasisha,mingine,kunipunguzia,-1.762993763
kuwaghadhabisha,Mungu,shilingi,-1.765072765
yenyewe,alitangaza,shilingi,-1.767151767
alivyofanya,mwisho,wengi,-1.769230769
kuingiza,wafanyabiashara,jeshini,-1.771309771
mazingira,shughuli,Turekebishe,-1.773388773
chunguza,ngoma,nchini,-1.775467775
vichafuzi,kumtofautisha,Kenya,-1.777546778
nyingi,msingi,mwingi,-1.77962578
uchumi,kuchukuliwa,cha,-1.781704782
maganga,dhidi,hadhi,-1.783783784
korongwe,wengi,kushindana,-1.785862786
tanga,Kichwa,walioshikamana,-1.787941788
nchi,nyuma,kiongozi,-1.79002079
kwenye,alijificha,nishere,-1.792099792
Kazakhstan,chini,michezo,-1.794178794
hajaonyesha,kwenye,heshima,-1.796257796
Bush,fungu,wenyeji,-1.798336798
Mashariki,kwenye,mengi,-1.8004158
kushirikiana,mashua,nyinginezo,-1.802494802
athari,kuangalia,tukiachana,-1.804573805
wananch,kumfanya,jengo,-1.806652807
Mwenyekiti,nguvu,ukiingiia,-1.808731809
kuzifanya,kumuangalia,vimepangwa,-1.810810811
majeshi,walitofautisha,Jeshi,-1.812889813
uingereza,wanachama,aliyefanya,-1.814968815
mafundisho,hujitengenezea,mpango,-1.817047817
kuishi,ingawa,vinasababisha,-1.819126819
misingi,Akafungwa,alishindwa,-1.821205821
kutengeneza,Umashuhuri,kadhaa,-1.823284823
chipsi,cha,wachezaji,-1.825363825
chaulo,kusababisha,wengi,-1.827442827
visheti,kinyesi,kwenye,-1.82952183
wachezaji,cha,Yanga,-1.831600832
theo,wanyama,nyinginezo,-1.833679834
bidhaa,alikunywa,baadhi,-1.835758836
kuangalia,wanaoishi,zingine,-1.837837838
kenya,ngazi,zingeenda,-1.83991684
ilichukuliwa,kwenye,Nilishiba,-1.841995842
nyumba,uingereza,kuanzisha,-1.844074844
chache,langu,dhana,-1.846153846
nyingi,nyuma,Tosh,-1.848232848
nyasi,mlango,nyanda,-1.85031185
zilizojengwa,iliyolengwa,Ethiopia,-1.852390852
zilishahamia,nchi,elizabeth,-1.854469854
ushindani,mwenyezi,uingereza,-1.856548857
dhidi,mungu,uchafuzi,-1.858627859
panya,Uhamisho,madhara,-1.860706861
kulingana,athari,kuchukua,-1.862785863
cha,kuhakikisha,lugha,-1.864864865
Mashariki,kiwango,imeathirika,-1.866943867
ulisababisha,cha,mchambuzi,-1.869022869
uchafuzi,kinaongezeka,nchini,-1.871101871
Kuishi,majanga,kenya,-1.873180873
kwingi,janga,mashindano,-1.875259875
mengi,vinasababisha,nchi,-1.877338877
baadhi,upungufu,angalau,-1.879417879
mchanganyiko,kinga,hugawanyika,-1.881496881
Wanaishi,kuliacha,hataishia,-1.883575884
uliodhaminiwa,wachezaji,kesho,-1.885654886
tangu,kadhaa,kukomesha,-1.887733888
yenye,Akha,ishirini,-1.88981289
ishirini,khan,tukiongea,-1.891891892
cheo,kilichoundwa,ukazichukulia,-1.893970894
cha,mashambulizi,kushangaza,-1.896049896
chini,mganga,zinachukulia,-1.898128898
Ochuka,mchawi,nyingi,-1.9002079
wabunge,kutangazwa,nchini,-1.902286902
viongozi,hadhira,kenya,-1.904365904
uchina,mwisho,nchini,-1.906444906
uchumi,mengi,kenya,-1.908523909
mengi,maisha,wengi,-1.910602911
ishara,shirika,Mpango,-1.912681913
nchini,shirika,mchumi,-1.914760915
mwandishi,makhsusi,wengine,-1.916839917
wanashirikiana,chini,Washia,-1.918918919
kupunguza,yangu,lugha,-1.920997921
kupunguza,mwandishi,nchini,-1.923076923
wanaoingiza,mwenyewe,Gandhi,-1.925155925
kwenye,kulingana,chenye,-1.927234927
nchi,cha,Qing,-1.929313929
nchi,wazungu,uongozi,-1.931392931
inashikitishwa,wenyewe,chama,-1.933471933
kupunguza,nchini,cha,-1.935550936
ghafla,tangu,cha,-1.937629938
wenyewe,khimrichi,uchafuzi,-1.93970894
kulishughulikia,aliyeongoza,yangu,-1.941787942
kuungana,Tangu,kisheria,-1.943866944
shahidi,kiongozi,wangu,-1.945945946
chini,mengi,mwanasheria,-1.948024948
Ishirini,alianguka,kuwaangalia,-1.95010395
oparesheni,shilingi,bidhaa,-1.952182952
licha,langu,kufanya,-1.954261954
changamoto,Rushwa,wabunge,-1.956340956
alishambuliwa,nyumbani,kipingamizi,-1.958419958
aliangalia,ilijiunga,mchakato,-1.96049896
zangu,mashariki,kumuidhinisha,-1.962577963
amezungumza,Wabunge,nchini,-1.964656965
washiriki,kufanya,Gungulugwa,-1.966735967
Barghash,hadhara,Waingu,-1.968814969
uchu,wengine,uchomaji,-1.970893971
kuchukuwa,mazungumzo,kadhalika,-1.972972973
kuonesha,nchi,kushinikiza,-1.975051975
